Source,Target,Type,Id,Label,timeset,Weight,rating
13,16,Directed,1165,,,1,0.8
13,10,Directed,1166,,,1,0.8
21,1,Directed,1167,,,1,0.8
21,10,Directed,1168,,,1,0.8
21,8,Directed,1169,,,1,0.9
10,1,Directed,1170,,,1,0.8
10,21,Directed,1171,,,1,0.8
10,25,Directed,1172,,,1,1
13,1,Directed,1173,,,1,0.8
1,17,Directed,1174,,,1,0.9
17,1,Directed,1175,,,1,0.9
61,20,Directed,1176,,,1,0.8
71,1,Directed,1177,,,1,0.8
119,1,Directed,1178,,,1,1
119,127,Directed,1179,,,1,1
1,2,Directed,1180,,,1,0.8
127,119,Directed,1181,,,1,1
2,3,Directed,1182,,,1,0.8
1,7,Directed,1183,,,1,0.9
2,1,Directed,1184,,,1,0.8
39,2,Directed,1185,,,1,0.8
33,1,Directed,1186,,,1,0.8
237,202,Directed,1187,,,1,1
2,62,Directed,1188,,,1,0.8
80,81,Directed,1189,,,1,0.8
60,257,Directed,1190,,,1,1
149,25,Directed,1191,,,1,1
279,60,Directed,1192,,,1,0.8
283,284,Directed,1193,,,1,1
284,283,Directed,1194,,,1,1
21,93,Directed,1195,,,1,0.8
93,21,Directed,1196,,,1,0.8
313,45,Directed,1197,,,1,1
57,7,Directed,1198,,,1,0.8
4,202,Directed,1199,,,1,0.8
330,7,Directed,1200,,,1,1
342,395,Directed,1201,,,1,1
410,201,Directed,1202,,,1,1
198,2,Directed,1203,,,1,0.8
219,1,Directed,1204,,,1,1
397,278,Directed,1205,,,1,0.8
51,451,Directed,1206,,,1,1
451,51,Directed,1207,,,1,1
486,1,Directed,1208,,,1,1
21,490,Directed,1209,,,1,0.8
64,104,Directed,1210,,,1,1
132,7,Directed,1211,,,1,1
111,499,Directed,1212,,,1,1
499,111,Directed,1213,,,1,1
490,21,Directed,1214,,,1,0.8
520,484,Directed,1215,,,1,1
144,202,Directed,1216,,,1,0.8
202,144,Directed,1217,,,1,0.8
300,529,Directed,1218,,,1,1
529,300,Directed,1219,,,1,1
571,570,Directed,1220,,,1,1
570,571,Directed,1221,,,1,1
581,159,Directed,1222,,,1,1
588,587,Directed,1223,,,1,1
602,159,Directed,1224,,,1,1
200,623,Directed,1225,,,1,1
484,304,Directed,1226,,,1,1
628,605,Directed,1227,,,1,0.8
623,200,Directed,1228,,,1,1
113,7,Directed,1229,,,1,0.8
395,342,Directed,1230,,,1,1
636,635,Directed,1231,,,1,1
650,651,Directed,1232,,,1,1
651,650,Directed,1233,,,1,1
691,523,Directed,1234,,,1,1
678,717,Directed,1235,,,1,0.9
184,720,Directed,1236,,,1,1
721,64,Directed,1237,,,1,1
720,184,Directed,1238,,,1,1
717,678,Directed,1239,,,1,0.9
167,2,Directed,1240,,,1,0.8
167,245,Directed,1241,,,1,0.8
167,223,Directed,1242,,,1,0.8
167,39,Directed,1243,,,1,0.8
39,167,Directed,1244,,,1,0.8
39,223,Directed,1245,,,1,0.8
39,245,Directed,1246,,,1,0.8
39,1,Directed,1247,,,1,0.8
747,732,Directed,1248,,,1,1
64,770,Directed,1249,,,1,1
770,64,Directed,1250,,,1,1
778,732,Directed,1251,,,1,1
780,814,Directed,1252,,,1,1
814,780,Directed,1253,,,1,1
353,1,Directed,1254,,,1,1
9,1,Directed,1255,,,1,1
61,109,Directed,1256,,,1,1
753,840,Directed,1257,,,1,0.8
769,847,Directed,1258,,,1,1
847,769,Directed,1259,,,1,0.9
824,623,Directed,1260,,,1,0.8
911,908,Directed,1261,,,1,1
911,548,Directed,1262,,,1,1
911,832,Directed,1263,,,1,1
923,920,Directed,1264,,,1,1
922,894,Directed,1265,,,1,1
832,920,Directed,1266,,,1,1
198,534,Directed,1267,,,1,1
977,610,Directed,1268,,,1,1
977,923,Directed,1269,,,1,1
249,241,Directed,1270,,,1,0.8
418,489,Directed,1271,,,1,0.9
489,418,Directed,1272,,,1,0.9
1012,554,Directed,1273,,,1,1
687,908,Directed,1274,,,1,1
908,1013,Directed,1275,,,1,1
832,25,Directed,1276,,,1,1
1013,908,Directed,1277,,,1,1
4,13,Directed,1278,,,1,0.8
1024,832,Directed,1279,,,1,0.8
1023,923,Directed,1280,,,1,1
1027,832,Directed,1281,,,1,0.9
832,241,Directed,1282,,,1,1
13,4,Directed,1283,,,1,0.8
950,678,Directed,1284,,,1,0.8
540,475,Directed,1285,,,1,1
353,1046,Directed,1286,,,1,0.8
920,832,Directed,1287,,,1,1
922,606,Directed,1288,,,1,1
19,7,Directed,1289,,,1,0.9
19,1,Directed,1290,,,1,0.9
1014,777,Directed,1291,,,1,1
1026,908,Directed,1292,,,1,1
533,1068,Directed,1293,,,1,1
533,530,Directed,1294,,,1,1
1074,733,Directed,1295,,,1,0.8
760,1076,Directed,1296,,,1,1
606,908,Directed,1297,,,1,1
777,1014,Directed,1298,,,1,1
1092,908,Directed,1299,,,1,1
64,1094,Directed,1300,,,1,1
1094,64,Directed,1301,,,1,1
1092,492,Directed,1302,,,1,1
492,908,Directed,1303,,,1,1
576,104,Directed,1304,,,1,1
1109,923,Directed,1305,,,1,1
1065,1119,Directed,1306,,,1,1
922,953,Directed,1307,,,1,1
922,1122,Directed,1308,,,1,1
1122,922,Directed,1309,,,1,1
1125,882,Directed,1310,,,1,1
1133,710,Directed,1311,,,1,1
710,1133,Directed,1312,,,1,1
1013,1092,Directed,1313,,,1,1
1092,1013,Directed,1314,,,1,1
1095,1092,Directed,1315,,,1,1
1095,908,Directed,1316,,,1,1
1139,1140,Directed,1317,,,1,1
1,197,Directed,1318,,,1,0.8
1,60,Directed,1319,,,1,0.8
1,41,Directed,1320,,,1,0.8
1,39,Directed,1321,,,1,0.8
1,6,Directed,1322,,,1,0.8
353,134,Directed,1323,,,1,1
484,593,Directed,1324,,,1,1
270,1174,Directed,1325,,,1,1
198,959,Directed,1326,,,1,1
959,198,Directed,1327,,,1,1
882,7,Directed,1328,,,1,1
500,1191,Directed,1329,,,1,1
768,1196,Directed,1330,,,1,0.8
1196,768,Directed,1331,,,1,0.8
1191,500,Directed,1332,,,1,1
1232,923,Directed,1333,,,1,1
1084,1100,Directed,1334,,,1,1
1100,1084,Directed,1335,,,1,1
908,1257,Directed,1336,,,1,1
1257,908,Directed,1337,,,1,1
1260,1037,Directed,1338,,,1,1
1260,1261,Directed,1339,,,1,1
1260,1166,Directed,1340,,,1,1
1257,4,Directed,1341,,,1,0.9
1174,270,Directed,1342,,,1,1
1285,923,Directed,1343,,,1,1
1217,775,Directed,1344,,,1,0.9
1291,1277,Directed,1345,,,1,1
1277,1291,Directed,1346,,,1,1
540,626,Directed,1347,,,1,1
626,540,Directed,1348,,,1,1
1261,1260,Directed,1349,,,1,1
997,1217,Directed,1350,,,1,0.8
1217,997,Directed,1351,,,1,0.8
468,566,Directed,1352,,,1,1
1098,7,Directed,1353,,,1,1
1119,1065,Directed,1354,,,1,1
911,1326,Directed,1355,,,1,1
1326,911,Directed,1356,,,1,1
1268,1094,Directed,1357,,,1,1
113,1340,Directed,1358,,,1,1
1094,1268,Directed,1359,,,1,0.9
283,7,Directed,1360,,,1,1
1358,518,Directed,1361,,,1,1
518,1358,Directed,1362,,,1,1
708,1363,Directed,1363,,,1,0.8
41,7,Directed,1364,,,1,0.9
1267,1328,Directed,1365,,,1,1
1328,1267,Directed,1366,,,1,1
1363,708,Directed,1367,,,1,0.8
1381,1368,Directed,1368,,,1,1
1267,921,Directed,1369,,,1,1
786,25,Directed,1370,,,1,1
1352,1,Directed,1371,,,1,1
1384,1201,Directed,1372,,,1,1
1385,882,Directed,1373,,,1,1
1267,546,Directed,1374,,,1,1
1207,882,Directed,1375,,,1,1
882,1207,Directed,1376,,,1,1
1396,60,Directed,1377,,,1,0.8
1384,635,Directed,1378,,,1,1
1185,801,Directed,1379,,,1,1
935,7,Directed,1380,,,1,1
88,101,Directed,1381,,,1,0.9
801,1185,Directed,1382,,,1,0.8
465,882,Directed,1383,,,1,0.8
540,1,Directed,1384,,,1,1
35,1437,Directed,1385,,,1,1
1396,1201,Directed,1386,,,1,0.9
1201,1396,Directed,1387,,,1,0.9
88,1501,Directed,1388,,,1,1
775,1437,Directed,1389,,,1,0.9
660,1545,Directed,1390,,,1,1
1556,465,Directed,1391,,,1,0.8
775,1354,Directed,1392,,,1,0.8
775,1217,Directed,1393,,,1,0.9
1572,1600,Directed,1394,,,1,1
1354,775,Directed,1395,,,1,0.8
41,1386,Directed,1396,,,1,0.8
10,41,Directed,1397,,,1,0.8
1629,25,Directed,1398,,,1,1
1631,1290,Directed,1399,,,1,1
178,1,Directed,1400,,,1,0.8
41,1,Directed,1401,,,1,0.8
899,1643,Directed,1402,,,1,0.9
1541,25,Directed,1403,,,1,1
1648,1566,Directed,1404,,,1,1
1568,1663,Directed,1405,,,1,1
1630,545,Directed,1406,,,1,1
775,1669,Directed,1407,,,1,1
1217,1669,Directed,1408,,,1,1
1217,1437,Directed,1409,,,1,0.9
1657,1566,Directed,1410,,,1,1
1437,1669,Directed,1411,,,1,1
1689,1,Directed,1412,,,1,1
1690,1,Directed,1413,,,1,1
1690,25,Directed,1414,,,1,1
1662,1701,Directed,1415,,,1,1
540,7,Directed,1416,,,1,1
1700,1708,Directed,1417,,,1,0.8
1708,1700,Directed,1418,,,1,0.8
39,415,Directed,1419,,,1,0.8
415,39,Directed,1420,,,1,0.8
540,1386,Directed,1421,,,1,1
1759,1591,Directed,1422,,,1,1
1763,1744,Directed,1423,,,1,1
1771,25,Directed,1424,,,1,1
1779,1787,Directed,1425,,,1,0.8
1787,1779,Directed,1426,,,1,1
1585,25,Directed,1427,,,1,1
465,1556,Directed,1428,,,1,0.8
425,1,Directed,1429,,,1,1
1386,1,Directed,1430,,,1,0.8
1201,1386,Directed,1431,,,1,0.9
104,23,Directed,1432,,,1,1
1839,1840,Directed,1433,,,1,0.8
1656,1185,Directed,1434,,,1,0.8
1185,1656,Directed,1435,,,1,0.8
1201,25,Directed,1436,,,1,1
1487,25,Directed,1437,,,1,1
415,1492,Directed,1438,,,1,0.8
1492,415,Directed,1439,,,1,0.8
1318,1877,Directed,1440,,,1,1
1566,1201,Directed,1441,,,1,0.8
1566,1386,Directed,1442,,,1,1
425,1566,Directed,1443,,,1,0.8
1201,1566,Directed,1444,,,1,0.8
1860,1,Directed,1445,,,1,1
882,178,Directed,1446,,,1,1
1386,1566,Directed,1447,,,1,0.8
1201,1,Directed,1448,,,1,1
1,1201,Directed,1449,,,1,0.8
1566,1769,Directed,1450,,,1,0.8
1201,1363,Directed,1451,,,1,0.8
1201,537,Directed,1452,,,1,0.8
1386,135,Directed,1453,,,1,0.8
1701,1860,Directed,1454,,,1,0.8
1860,1701,Directed,1455,,,1,0.8
1771,1860,Directed,1456,,,1,0.9
1984,1,Directed,1457,,,1,1
1995,1840,Directed,1458,,,1,1
1685,1839,Directed,1459,,,1,1
1896,1771,Directed,1460,,,1,1
1771,1896,Directed,1461,,,1,1
1620,1386,Directed,1462,,,1,1
1656,1,Directed,1463,,,1,0.9
2026,1957,Directed,1464,,,1,1
1528,25,Directed,1465,,,1,1
2040,1690,Directed,1466,,,1,0.9
2014,1855,Directed,1467,,,1,1
340,1690,Directed,1468,,,1,0.8
823,1,Directed,1469,,,1,1
823,2078,Directed,1470,,,1,1
1615,2080,Directed,1471,,,1,1
2080,1615,Directed,1472,,,1,1
2080,2082,Directed,1473,,,1,1
2080,25,Directed,1474,,,1,1
2082,2080,Directed,1475,,,1,1
425,1201,Directed,1476,,,1,1
425,309,Directed,1477,,,1,1
2087,35,Directed,1478,,,1,1
1383,425,Directed,1479,,,1,0.9
1383,1201,Directed,1480,,,1,0.9
1383,1386,Directed,1481,,,1,0.9
1383,1,Directed,1482,,,1,0.9
1383,1316,Directed,1483,,,1,0.9
1383,7,Directed,1484,,,1,0.9
1478,2040,Directed,1485,,,1,0.8
1899,1473,Directed,1486,,,1,0.8
1473,1899,Directed,1487,,,1,0.8
1204,2028,Directed,1488,,,1,1
1846,1386,Directed,1489,,,1,1
1386,1846,Directed,1490,,,1,0.8
2028,2214,Directed,1491,,,1,1
215,1566,Directed,1492,,,1,0.8
304,25,Directed,1493,,,1,1
2240,2080,Directed,1494,,,1,1
1204,2125,Directed,1495,,,1,1
1620,722,Directed,1496,,,1,1
1529,905,Directed,1497,,,1,0.8
2200,1620,Directed,1498,,,1,1
1620,2200,Directed,1499,,,1,1
905,1386,Directed,1500,,,1,1
425,1386,Directed,1501,,,1,0.9
1566,215,Directed,1502,,,1,0.9
425,1317,Directed,1503,,,1,0.9
1386,425,Directed,1504,,,1,0.9
1878,25,Directed,1505,,,1,1
988,2305,Directed,1506,,,1,1
2305,988,Directed,1507,,,1,1
2303,25,Directed,1508,,,1,1
988,2313,Directed,1509,,,1,0.8
1896,2076,Directed,1510,,,1,1
2076,1896,Directed,1511,,,1,1
1829,25,Directed,1512,,,1,1
2241,1121,Directed,1513,,,1,1
1121,2241,Directed,1514,,,1,1
1204,1899,Directed,1515,,,1,1
1899,1204,Directed,1516,,,1,0.8
1,4,Directed,1517,,,1,1
4,1,Directed,1518,,,1,1
1585,1,Directed,1519,,,1,0.9
2125,2349,Directed,1520,,,1,0.8
2311,1201,Directed,1521,,,1,1
1316,1366,Directed,1522,,,1,0.8
1316,425,Directed,1523,,,1,0.8
425,1316,Directed,1524,,,1,0.8
1366,1,Directed,1525,,,1,1
2230,2118,Directed,1526,,,1,0.8
732,2176,Directed,1527,,,1,0.8
2067,1731,Directed,1528,,,1,1
1731,2067,Directed,1529,,,1,1
2305,2377,Directed,1530,,,1,1
2377,2305,Directed,1531,,,1,1
2377,2313,Directed,1532,,,1,1
2311,2167,Directed,1533,,,1,1
2174,25,Directed,1534,,,1,1
1201,1316,Directed,1535,,,1,0.8
1316,1201,Directed,1536,,,1,0.8
1948,1615,Directed,1537,,,1,1
2118,2230,Directed,1538,,,1,0.8
2427,2118,Directed,1539,,,1,0.8
1615,1948,Directed,1540,,,1,0.8
2344,25,Directed,1541,,,1,1
2125,2438,Directed,1542,,,1,0.8
1383,1566,Directed,1543,,,1,1
2451,1396,Directed,1544,,,1,1
2132,1624,Directed,1545,,,1,0.8
1201,4,Directed,1546,,,1,0.8
4,1201,Directed,1547,,,1,0.8
2507,1185,Directed,1548,,,1,1
2347,2313,Directed,1549,,,1,1
823,2070,Directed,1550,,,1,0.8
2070,823,Directed,1551,,,1,0.8
304,905,Directed,1552,,,1,1
2523,25,Directed,1553,,,1,1
2516,2543,Directed,1554,,,1,0.9
241,249,Directed,1555,,,1,1
1719,2158,Directed,1556,,,1,0.8
2540,2548,Directed,1557,,,1,0.8
2342,2370,Directed,1558,,,1,1
2370,2342,Directed,1559,,,1,1
2472,2067,Directed,1560,,,1,1
1689,25,Directed,1561,,,1,1
2,1363,Directed,1562,,,1,0.8
2,167,Directed,1563,,,1,0.8
2,39,Directed,1564,,,1,0.8
2,223,Directed,1565,,,1,0.8
2,245,Directed,1566,,,1,0.8
2549,2567,Directed,1567,,,1,1
2567,2566,Directed,1568,,,1,0.8
2566,2568,Directed,1569,,,1,0.9
2567,2568,Directed,1570,,,1,0.9
2568,2567,Directed,1571,,,1,0.9
2569,2568,Directed,1572,,,1,0.9
304,2198,Directed,1573,,,1,1
304,1899,Directed,1574,,,1,1
1899,304,Directed,1575,,,1,1
2592,2574,Directed,1576,,,1,1
2603,2585,Directed,1577,,,1,0.8
2603,2601,Directed,1578,,,1,1
2616,35,Directed,1579,,,1,1
241,1,Directed,1580,,,1,0.8
2585,2622,Directed,1581,,,1,0.9
2585,2623,Directed,1582,,,1,0.8
2622,2623,Directed,1583,,,1,0.9
2637,2635,Directed,1584,,,1,0.9
1774,1752,Directed,1585,,,1,0.8
132,1,Directed,1586,,,1,1
2659,2658,Directed,1587,,,1,1
2670,2669,Directed,1588,,,1,1
2657,2670,Directed,1589,,,1,0.8
2670,2657,Directed,1590,,,1,0.8
2670,2671,Directed,1591,,,1,0.9
2670,2672,Directed,1592,,,1,0.9
2670,2633,Directed,1593,,,1,0.9
2657,2672,Directed,1594,,,1,0.9
2675,2633,Directed,1595,,,1,0.9
2678,2671,Directed,1596,,,1,1
2678,2672,Directed,1597,,,1,0.9
2672,2067,Directed,1598,,,1,0.9
2672,2631,Directed,1599,,,1,1
2672,2629,Directed,1600,,,1,1
2672,2632,Directed,1601,,,1,1
2672,2628,Directed,1602,,,1,1
2632,2628,Directed,1603,,,1,1
2632,2629,Directed,1604,,,1,1
2632,2631,Directed,1605,,,1,1
2632,1543,Directed,1606,,,1,1
2631,2634,Directed,1607,,,1,1
2631,2574,Directed,1608,,,1,1
2631,2666,Directed,1609,,,1,1
2631,2570,Directed,1610,,,1,1
2631,2571,Directed,1611,,,1,1
2628,1810,Directed,1612,,,1,1
2628,1543,Directed,1613,,,1,1
2628,2574,Directed,1614,,,1,1
2628,2571,Directed,1615,,,1,1
2628,2548,Directed,1616,,,1,1
2665,1948,Directed,1617,,,1,0.8
2680,1543,Directed,1618,,,1,1
2680,2682,Directed,1619,,,1,1
2680,1810,Directed,1620,,,1,1
2680,2176,Directed,1621,,,1,1
2682,2176,Directed,1622,,,1,1
2682,1543,Directed,1623,,,1,1
2682,1810,Directed,1624,,,1,1
2682,2680,Directed,1625,,,1,1
2682,1201,Directed,1626,,,1,1
2680,905,Directed,1627,,,1,1
1543,2683,Directed,1628,,,1,1
2680,2683,Directed,1629,,,1,1
2682,2683,Directed,1630,,,1,1
2680,2485,Directed,1631,,,1,0.8
1543,2682,Directed,1632,,,1,0.9
1543,2680,Directed,1633,,,1,1
2683,1543,Directed,1634,,,1,1
1543,2684,Directed,1635,,,1,1
2680,2684,Directed,1636,,,1,1
2684,905,Directed,1637,,,1,1
2683,2685,Directed,1638,,,1,1
2685,2683,Directed,1639,,,1,1
1396,1316,Directed,1640,,,1,0.8
1396,1386,Directed,1641,,,1,0.8
2128,2118,Directed,1642,,,1,1
905,57,Directed,1643,,,1,1
2070,1948,Directed,1644,,,1,0.8
2674,2672,Directed,1645,,,1,1
2699,2674,Directed,1646,,,1,1
2574,2700,Directed,1647,,,1,1
2711,1,Directed,1648,,,1,1
2720,2574,Directed,1649,,,1,1
2720,2721,Directed,1650,,,1,1
2720,2700,Directed,1651,,,1,1
2726,35,Directed,1652,,,1,1
2738,2676,Directed,1653,,,1,1
2758,242,Directed,1654,,,1,1
242,2758,Directed,1655,,,1,0.9
2176,1,Directed,1656,,,1,1
2686,2771,Directed,1657,,,1,0.9
2771,2686,Directed,1658,,,1,0.9
1948,2070,Directed,1659,,,1,0.8
2788,2647,Directed,1660,,,1,1
2786,35,Directed,1661,,,1,1
2409,2028,Directed,1662,,,1,1
2823,2782,Directed,1663,,,1,1
2828,2647,Directed,1664,,,1,1
2693,2427,Directed,1665,,,1,1
2214,2028,Directed,1666,,,1,1
2884,1675,Directed,1667,,,1,1
2866,2688,Directed,1668,,,1,1
2884,2028,Directed,1669,,,1,1
905,1953,Directed,1670,,,1,1
1629,1383,Directed,1671,,,1,1
2812,2028,Directed,1672,,,1,1
2940,25,Directed,1673,,,1,1
2942,25,Directed,1674,,,1,1
2918,1953,Directed,1675,,,1,1
2859,2953,Directed,1676,,,1,1
13,25,Directed,1677,,,1,1
2688,2028,Directed,1678,,,1,1
3003,2733,Directed,1679,,,1,1
3010,1953,Directed,1680,,,1,1
2028,2725,Directed,1681,,,1,0.9
2647,2485,Directed,1682,,,1,1
2788,2642,Directed,1683,,,1,1
2725,2028,Directed,1684,,,1,1
1555,2246,Directed,1685,,,1,1
2992,3027,Directed,1686,,,1,0.8
2725,2733,Directed,1687,,,1,0.9
1396,1566,Directed,1688,,,1,0.8
2485,2647,Directed,1689,,,1,1
304,1953,Directed,1690,,,1,0.8
1953,304,Directed,1691,,,1,0.8
1217,23,Directed,1692,,,1,1
6,1363,Directed,1693,,,1,0.8
6,1,Directed,1694,,,1,0.8
1386,1201,Directed,1695,,,1,1
2647,2635,Directed,1696,,,1,1
2388,25,Directed,1697,,,1,0.9
3045,25,Directed,1698,,,1,1
3092,2896,Directed,1699,,,1,1
224,2125,Directed,1700,,,1,0.9
1675,1810,Directed,1701,,,1,1
2817,1217,Directed,1702,,,1,0.8
2647,3125,Directed,1703,,,1,1
3086,3129,Directed,1704,,,1,1
2725,2835,Directed,1705,,,1,0.9
2642,3598,Directed,1706,,,1,0.8
1743,3157,Directed,1707,,,1,0.8
1743,448,Directed,1708,,,1,1
1743,143,Directed,1709,,,1,0.8
448,1743,Directed,1710,,,1,1
2905,3018,Directed,1711,,,1,1
1743,2013,Directed,1712,,,1,0.8
2013,1743,Directed,1713,,,1,0.8
2725,1731,Directed,1714,,,1,0.9
2763,3198,Directed,1715,,,1,1
3203,1271,Directed,1716,,,1,1
1840,1185,Directed,1717,,,1,0.8
2635,2647,Directed,1718,,,1,1
3218,3018,Directed,1719,,,1,1
3084,2647,Directed,1720,,,1,0.9
3125,2647,Directed,1721,,,1,1
1363,2,Directed,1722,,,1,0.8
1363,245,Directed,1723,,,1,0.8
3190,25,Directed,1724,,,1,1
3223,3246,Directed,1725,,,1,1
3198,2763,Directed,1726,,,1,1
2635,3260,Directed,1727,,,1,1
3246,3223,Directed,1728,,,1,1
3197,3239,Directed,1729,,,1,1
3197,2642,Directed,1730,,,1,1
2821,2028,Directed,1731,,,1,1
3276,2642,Directed,1732,,,1,1
2118,3281,Directed,1733,,,1,0.8
3281,2118,Directed,1734,,,1,0.8
3236,3119,Directed,1735,,,1,1
3086,3260,Directed,1736,,,1,1
2296,1403,Directed,1737,,,1,1
2296,2388,Directed,1738,,,1,1
2296,1363,Directed,1739,,,1,1
2028,3293,Directed,1740,,,1,1
2733,3293,Directed,1741,,,1,1
3308,3219,Directed,1742,,,1,0.8
2647,1953,Directed,1743,,,1,1
2942,1810,Directed,1744,,,1,1
363,1366,Directed,1745,,,1,1
3287,3333,Directed,1746,,,1,1
3345,1656,Directed,1747,,,1,1
1318,1656,Directed,1748,,,1,1
2825,2635,Directed,1749,,,1,0.8
2825,3086,Directed,1750,,,1,0.8
2825,3018,Directed,1751,,,1,0.8
2825,2419,Directed,1752,,,1,0.8
3264,3366,Directed,1753,,,1,0.9
1217,3377,Directed,1754,,,1,1
2028,1334,Directed,1755,,,1,0.9
2118,3377,Directed,1756,,,1,0.8
3395,2642,Directed,1757,,,1,0.8
2484,3367,Directed,1758,,,1,1
2028,2125,Directed,1759,,,1,0.8
3363,3086,Directed,1760,,,1,0.8
1953,2635,Directed,1761,,,1,0.8
1953,3260,Directed,1762,,,1,0.8
2966,1953,Directed,1763,,,1,0.8
3377,1217,Directed,1764,,,1,1
3377,2118,Directed,1765,,,1,1
2028,3416,Directed,1766,,,1,0.8
3198,1018,Directed,1767,,,1,1
540,2028,Directed,1768,,,1,1
2763,1018,Directed,1769,,,1,0.9
3598,2642,Directed,1770,,,1,1
2784,2118,Directed,1771,,,1,1
2127,2763,Directed,1772,,,1,1
3456,2437,Directed,1773,,,1,1
1550,1217,Directed,1774,,,1,0.9
2127,1352,Directed,1775,,,1,1
3483,3484,Directed,1776,,,1,1
3484,3483,Directed,1777,,,1,1
3489,2838,Directed,1778,,,1,1
3500,3208,Directed,1779,,,1,1
1018,230,Directed,1780,,,1,1
3525,3018,Directed,1781,,,1,1
2028,1018,Directed,1782,,,1,0.8
2642,1018,Directed,1783,,,1,0.8
1815,135,Directed,1784,,,1,1
3553,3552,Directed,1785,,,1,1
3554,3552,Directed,1786,,,1,1
3498,3555,Directed,1787,,,1,1
3498,3552,Directed,1788,,,1,0.8
3556,3552,Directed,1789,,,1,0.8
3558,3552,Directed,1790,,,1,0.8
2063,2028,Directed,1791,,,1,0.8
3511,2642,Directed,1792,,,1,1
3562,3552,Directed,1793,,,1,0.8
3563,3562,Directed,1794,,,1,1
3563,3552,Directed,1795,,,1,1
3556,3563,Directed,1796,,,1,1
3556,3564,Directed,1797,,,1,1
3564,3552,Directed,1798,,,1,0.8
3556,3565,Directed,1799,,,1,1
3565,3552,Directed,1800,,,1,0.8
3556,3566,Directed,1801,,,1,0.8
3566,3552,Directed,1802,,,1,0.8
3565,3567,Directed,1803,,,1,0.8
3567,3552,Directed,1804,,,1,1
3565,3569,Directed,1805,,,1,0.8
3569,3552,Directed,1806,,,1,1
3570,3552,Directed,1807,,,1,0.8
3366,1,Directed,1808,,,1,1
2158,135,Directed,1809,,,1,1
3591,2642,Directed,1810,,,1,1
1810,2942,Directed,1811,,,1,0.8
2961,25,Directed,1812,,,1,1
3615,35,Directed,1813,,,1,1
3615,2897,Directed,1814,,,1,1
3545,160,Directed,1815,,,1,1
2173,2028,Directed,1816,,,1,0.8
3665,896,Directed,1817,,,1,1
3678,3451,Directed,1818,,,1,1
3695,3669,Directed,1819,,,1,0.9
1565,1318,Directed,1820,,,1,1
2625,3223,Directed,1821,,,1,0.8
6,856,Directed,1822,,,1,0.8
6,2188,Directed,1823,,,1,0.9
3723,3689,Directed,1824,,,1,1
3646,2125,Directed,1825,,,1,0.8
3732,3731,Directed,1826,,,1,1
2962,3744,Directed,1827,,,1,1
2644,1764,Directed,1828,,,1,1
3744,2962,Directed,1829,,,1,1
3744,23,Directed,1830,,,1,1
2144,1764,Directed,1831,,,1,0.8
3366,1948,Directed,1832,,,1,1
3744,1670,Directed,1833,,,1,1
3744,1743,Directed,1834,,,1,1
3744,29,Directed,1835,,,1,1
3744,1967,Directed,1836,,,1,1
3744,2125,Directed,1837,,,1,1
3744,535,Directed,1838,,,1,1
3744,2173,Directed,1839,,,1,1
3744,493,Directed,1840,,,1,1
3744,2438,Directed,1841,,,1,1
3744,3736,Directed,1842,,,1,1
3744,3394,Directed,1843,,,1,1
3744,2017,Directed,1844,,,1,1
3744,3756,Directed,1845,,,1,1
3757,2017,Directed,1846,,,1,1
3757,3756,Directed,1847,,,1,1
3756,3744,Directed,1848,,,1,1
3756,2017,Directed,1849,,,1,1
3756,3757,Directed,1850,,,1,1
3756,2962,Directed,1851,,,1,1
3757,2962,Directed,1852,,,1,1
3744,3757,Directed,1853,,,1,1
3744,3759,Directed,1854,,,1,1
3759,2962,Directed,1855,,,1,1
3759,3744,Directed,1856,,,1,1
3759,3756,Directed,1857,,,1,1
3759,3757,Directed,1858,,,1,1
3759,2017,Directed,1859,,,1,1
3744,3760,Directed,1860,,,1,1
3760,2962,Directed,1861,,,1,1
3760,2017,Directed,1862,,,1,1
3760,3756,Directed,1863,,,1,1
3760,3757,Directed,1864,,,1,1
3760,3759,Directed,1865,,,1,1
3760,3744,Directed,1866,,,1,1
3366,2296,Directed,1867,,,1,1
2019,1810,Directed,1868,,,1,1
2262,3734,Directed,1869,,,1,0.8
3744,2934,Directed,1870,,,1,1
3756,2934,Directed,1871,,,1,1
3757,2934,Directed,1872,,,1,1
3759,2934,Directed,1873,,,1,1
3760,2934,Directed,1874,,,1,1
3785,1810,Directed,1875,,,1,1
3785,1802,Directed,1876,,,1,1
2470,1217,Directed,1877,,,1,0.8
1743,3219,Directed,1878,,,1,0.8
3223,2625,Directed,1879,,,1,1
3547,3699,Directed,1880,,,1,1
3800,2484,Directed,1881,,,1,1
2770,3377,Directed,1882,,,1,0.8
1386,3859,Directed,1883,,,1,0.8
1933,2903,Directed,1884,,,1,1
3776,3018,Directed,1885,,,1,1
3861,2903,Directed,1886,,,1,1
3861,1933,Directed,1887,,,1,1
2903,3861,Directed,1888,,,1,1
2903,1933,Directed,1889,,,1,1
3511,3820,Directed,1890,,,1,1
1967,3876,Directed,1891,,,1,0.9
3500,3878,Directed,1892,,,1,1
3500,3888,Directed,1893,,,1,1
3888,3500,Directed,1894,,,1,1
3896,2262,Directed,1895,,,1,0.8
3928,3735,Directed,1896,,,1,1
3973,3669,Directed,1897,,,1,1
3881,3735,Directed,1898,,,1,1
2495,3974,Directed,1899,,,1,1
3974,2495,Directed,1900,,,1,1
585,3975,Directed,1901,,,1,1
3987,3598,Directed,1902,,,1,1
361,3996,Directed,1903,,,1,1
3996,361,Directed,1904,,,1,1
3660,3996,Directed,1905,,,1,0.8
3571,3748,Directed,1906,,,1,0.9
3917,4007,Directed,1907,,,1,1
3397,1363,Directed,1908,,,1,1
3972,2079,Directed,1909,,,1,1
3500,3781,Directed,1910,,,1,1
3828,2642,Directed,1911,,,1,1
4029,2642,Directed,1912,,,1,1
4030,3168,Directed,1913,,,1,1
3500,4035,Directed,1914,,,1,1
3500,3655,Directed,1915,,,1,1
4015,3990,Directed,1916,,,1,1
4047,3735,Directed,1917,,,1,1
4047,2642,Directed,1918,,,1,1
4052,3735,Directed,1919,,,1,1
4054,3735,Directed,1920,,,1,1
4059,3735,Directed,1921,,,1,0.8
3414,3738,Directed,1922,,,1,1
3211,4080,Directed,1923,,,1,0.8
113,25,Directed,1924,,,1,1
3547,3445,Directed,1925,,,1,1
2897,3488,Directed,1926,,,1,1
3488,2897,Directed,1927,,,1,1
4112,3018,Directed,1928,,,1,1
4121,3735,Directed,1929,,,1,1
2388,1363,Directed,1930,,,1,0.9
4136,3724,Directed,1931,,,1,1
4136,4036,Directed,1932,,,1,1
1201,4144,Directed,1933,,,1,0.9
4144,1201,Directed,1934,,,1,0.9
4141,2647,Directed,1935,,,1,0.9
4150,2188,Directed,1936,,,1,1
4164,2284,Directed,1937,,,1,0.8
4168,3735,Directed,1938,,,1,1
905,1316,Directed,1939,,,1,1
3642,1810,Directed,1940,,,1,1
2296,1810,Directed,1941,,,1,1
2625,3219,Directed,1942,,,1,1
3219,2625,Directed,1943,,,1,1
2763,2127,Directed,1944,,,1,1
2897,2110,Directed,1945,,,1,1
3539,4075,Directed,1946,,,1,1
4163,1689,Directed,1947,,,1,1
1316,1396,Directed,1948,,,1,0.8
2344,2266,Directed,1949,,,1,1
4205,3982,Directed,1950,,,1,1
4181,4198,Directed,1951,,,1,1
4198,4181,Directed,1952,,,1,1
3056,2642,Directed,1953,,,1,1
4212,3735,Directed,1954,,,1,1
4219,3735,Directed,1955,,,1,1
2512,13,Directed,1956,,,1,1
4038,3642,Directed,1957,,,1,1
4226,3642,Directed,1958,,,1,1
1719,905,Directed,1959,,,1,0.8
1719,2198,Directed,1960,,,1,1
4237,4217,Directed,1961,,,1,1
1201,4238,Directed,1962,,,1,0.8
4240,3642,Directed,1963,,,1,0.8
4245,3813,Directed,1964,,,1,0.9
4098,3898,Directed,1965,,,1,1
4163,3545,Directed,1966,,,1,0.9
4163,395,Directed,1967,,,1,1
2167,4257,Directed,1968,,,1,1
1217,39,Directed,1969,,,1,0.8
3527,4261,Directed,1970,,,1,1
4261,3527,Directed,1971,,,1,1
4257,2167,Directed,1972,,,1,1
3982,4205,Directed,1973,,,1,1
905,304,Directed,1974,,,1,1
4098,3723,Directed,1975,,,1,1
3723,4098,Directed,1976,,,1,1
2942,2125,Directed,1977,,,1,1
3214,2165,Directed,1978,,,1,1
3018,2635,Directed,1979,,,1,1
4136,3735,Directed,1980,,,1,1
3816,2404,Directed,1981,,,1,0.8
4238,2167,Directed,1982,,,1,1
4163,2142,Directed,1983,,,1,1
4163,230,Directed,1984,,,1,1
1018,3219,Directed,1985,,,1,0.9
3887,2642,Directed,1986,,,1,0.8
3214,3219,Directed,1987,,,1,0.9
3219,3214,Directed,1988,,,1,0.8
3397,1098,Directed,1989,,,1,1
4238,4348,Directed,1990,,,1,0.8
3489,35,Directed,1991,,,1,1
3490,4354,Directed,1992,,,1,1
4238,4356,Directed,1993,,,1,0.8
4354,3490,Directed,1994,,,1,1
3699,4235,Directed,1995,,,1,0.9
4172,2125,Directed,1996,,,1,0.8
4367,2777,Directed,1997,,,1,1
4369,1947,Directed,1998,,,1,0.8
905,1529,Directed,1999,,,1,1
2063,2642,Directed,2000,,,1,0.8
4354,4393,Directed,2001,,,1,1
4395,4396,Directed,2002,,,1,0.8
4396,4395,Directed,2003,,,1,1
280,3815,Directed,2004,,,1,0.8
3490,4393,Directed,2005,,,1,1
3815,280,Directed,2006,,,1,1
1810,1765,Directed,2007,,,1,0.8
2167,4172,Directed,2008,,,1,1
4107,2635,Directed,2009,,,1,1
342,25,Directed,2010,,,1,1
4322,3129,Directed,2011,,,1,1
4421,2296,Directed,2012,,,1,1
3161,135,Directed,2013,,,1,1
4353,546,Directed,2014,,,1,1
4304,135,Directed,2015,,,1,1
3445,2127,Directed,2016,,,1,0.8
3704,2942,Directed,2017,,,1,1
4499,4400,Directed,2018,,,1,1
2296,4119,Directed,2019,,,1,0.8
2388,3025,Directed,2020,,,1,1
2942,4515,Directed,2021,,,1,1
2642,4172,Directed,2022,,,1,0.8
3744,3408,Directed,2023,,,1,1
4531,4522,Directed,2024,,,1,1
4531,4197,Directed,2025,,,1,1
4531,3837,Directed,2026,,,1,1
3018,2647,Directed,2027,,,1,1
2647,3018,Directed,2028,,,1,1
4549,3642,Directed,2029,,,1,1
363,1018,Directed,2030,,,1,0.8
3487,2661,Directed,2031,,,1,1
1403,4546,Directed,2032,,,1,1
4217,3976,Directed,2033,,,1,1
3756,1318,Directed,2034,,,1,1
1334,2822,Directed,2035,,,1,1
4590,3719,Directed,2036,,,1,0.9
4590,3744,Directed,2037,,,1,0.9
4590,2498,Directed,2038,,,1,1
4590,1771,Directed,2039,,,1,1
4594,3642,Directed,2040,,,1,1
3237,4197,Directed,2041,,,1,1
4515,2942,Directed,2042,,,1,1
4631,2942,Directed,2043,,,1,0.8
363,4639,Directed,2044,,,1,1
4639,363,Directed,2045,,,1,1
4609,3837,Directed,2046,,,1,1
4531,4654,Directed,2047,,,1,1
4664,4646,Directed,2048,,,1,1
4664,4662,Directed,2049,,,1,1
4664,4663,Directed,2050,,,1,1
4654,4661,Directed,2051,,,1,1
4531,4661,Directed,2052,,,1,1
4531,4666,Directed,2053,,,1,1
4546,481,Directed,2054,,,1,1
4591,481,Directed,2055,,,1,1
4654,4667,Directed,2056,,,1,1
3642,481,Directed,2057,,,1,1
4654,4668,Directed,2058,,,1,1
4668,4669,Directed,2059,,,1,1
4107,2045,Directed,2060,,,1,1
4107,4172,Directed,2061,,,1,1
4172,4107,Directed,2062,,,1,1
4579,4604,Directed,2063,,,1,0.8
4291,3649,Directed,2064,,,1,0.8
4668,4707,Directed,2065,,,1,1
4661,4707,Directed,2066,,,1,1
3465,1810,Directed,2067,,,1,1
2313,2377,Directed,2068,,,1,1
2313,2347,Directed,2069,,,1,1
2313,988,Directed,2070,,,1,1
4681,4733,Directed,2071,,,1,1
4680,4733,Directed,2072,,,1,1
4661,4733,Directed,2073,,,1,1
4729,4569,Directed,2074,,,1,1
4729,1334,Directed,2075,,,1,1
4458,4735,Directed,2076,,,1,1
4659,1334,Directed,2077,,,1,1
4458,4635,Directed,2078,,,1,1
4573,25,Directed,2079,,,1,1
4291,4172,Directed,2080,,,1,0.8
3504,35,Directed,2081,,,1,1
4521,4482,Directed,2082,,,1,1
4107,3527,Directed,2083,,,1,1
3527,4107,Directed,2084,,,1,0.8
3649,4291,Directed,2085,,,1,0.8
905,4172,Directed,2086,,,1,1
4308,3129,Directed,2087,,,1,1
4791,3957,Directed,2088,,,1,1
2165,25,Directed,2089,,,1,1
4698,4635,Directed,2090,,,1,0.9
4806,4611,Directed,2091,,,1,1
1334,4659,Directed,2092,,,1,1
4400,4172,Directed,2093,,,1,1
500,4823,Directed,2094,,,1,1
500,4824,Directed,2095,,,1,1
4824,500,Directed,2096,,,1,1
4824,4823,Directed,2097,,,1,1
4824,1191,Directed,2098,,,1,1
4524,2642,Directed,2099,,,1,0.8
4694,1334,Directed,2100,,,1,1
4499,4635,Directed,2101,,,1,1
4301,4855,Directed,2102,,,1,1
4615,3404,Directed,2103,,,1,0.8
3837,25,Directed,2104,,,1,1
1555,4172,Directed,2105,,,1,1
4172,1555,Directed,2106,,,1,0.8
905,3719,Directed,2107,,,1,1
2647,4172,Directed,2108,,,1,1
2313,2305,Directed,2109,,,1,1
2305,2313,Directed,2110,,,1,1
4900,4899,Directed,2111,,,1,0.8
3875,4197,Directed,2112,,,1,0.9
4918,1018,Directed,2113,,,1,1
353,4172,Directed,2114,,,1,0.9
4415,4559,Directed,2115,,,1,0.9
4828,4559,Directed,2116,,,1,1
3161,1018,Directed,2117,,,1,0.8
1334,3719,Directed,2118,,,1,0.8
4281,4172,Directed,2119,,,1,1
4266,2635,Directed,2120,,,1,1
4172,2642,Directed,2121,,,1,0.8
1201,57,Directed,2122,,,1,0.8
3389,2642,Directed,2123,,,1,0.9
2642,3389,Directed,2124,,,1,0.9
1334,1832,Directed,2125,,,1,0.9
4291,2498,Directed,2126,,,1,1
905,3897,Directed,2127,,,1,1
3746,25,Directed,2128,,,1,1
2642,3630,Directed,2129,,,1,0.8
5015,4988,Directed,2130,,,1,1
3630,2642,Directed,2131,,,1,1
4,5014,Directed,2132,,,1,0.8
5014,4,Directed,2133,,,1,0.8
2388,35,Directed,2134,,,1,0.9
3725,4918,Directed,2135,,,1,1
4612,35,Directed,2136,,,1,1
4918,3725,Directed,2137,,,1,1
547,5030,Directed,2138,,,1,1
5030,547,Directed,2139,,,1,1
5029,5032,Directed,2140,,,1,1
5032,5029,Directed,2141,,,1,0.8
5027,5028,Directed,2142,,,1,1
1394,5029,Directed,2143,,,1,1
4592,25,Directed,2144,,,1,1
5036,5013,Directed,2145,,,1,1
3278,1810,Directed,2146,,,1,0.9
4172,4291,Directed,2147,,,1,0.8
5096,5086,Directed,2148,,,1,1
1334,361,Directed,2149,,,1,1
4611,4833,Directed,2150,,,1,0.9
5046,5132,Directed,2151,,,1,1
5132,5046,Directed,2152,,,1,1
5129,5080,Directed,2153,,,1,1
3278,57,Directed,2154,,,1,0.9
5025,25,Directed,2155,,,1,1
3429,3649,Directed,2156,,,1,1
3598,57,Directed,2157,,,1,1
4291,5162,Directed,2158,,,1,1
3504,3837,Directed,2159,,,1,1
3504,5163,Directed,2160,,,1,1
5163,3504,Directed,2161,,,1,1
5193,5200,Directed,2162,,,1,1
5200,5201,Directed,2163,,,1,1
5201,5202,Directed,2164,,,1,1
5202,5203,Directed,2165,,,1,1
5193,5204,Directed,2166,,,1,1
5212,4172,Directed,2167,,,1,1
5234,3452,Directed,2168,,,1,1
5235,5237,Directed,2169,,,1,1
5237,5239,Directed,2170,,,1,1
5239,5237,Directed,2171,,,1,1
5239,5240,Directed,2172,,,1,1
4304,4172,Directed,2173,,,1,1
2934,4172,Directed,2174,,,1,0.8
3837,3897,Directed,2175,,,1,1
4833,4694,Directed,2176,,,1,0.8
4320,4884,Directed,2177,,,1,0.8
3714,5284,Directed,2178,,,1,1
5284,3714,Directed,2179,,,1,1
988,2377,Directed,2180,,,1,1
3099,5297,Directed,2181,,,1,0.8
3719,5299,Directed,2182,,,1,1
3219,1018,Directed,2183,,,1,0.9
1719,1656,Directed,2184,,,1,1
4833,4611,Directed,2185,,,1,0.9
5221,1185,Directed,2186,,,1,1
4365,192,Directed,2187,,,1,1
3572,1690,Directed,2188,,,1,1
5399,3707,Directed,2189,,,1,1
1953,5404,Directed,2190,,,1,1
3897,905,Directed,2191,,,1,1
5420,5415,Directed,2192,,,1,0.8
5422,215,Directed,2193,,,1,0.8
1396,1,Directed,2194,,,1,0.8
5212,3630,Directed,2195,,,1,1
3630,5212,Directed,2196,,,1,1
4753,5438,Directed,2197,,,1,1
5438,4753,Directed,2198,,,1,1
4812,5384,Directed,2199,,,1,1
5441,5384,Directed,2200,,,1,1
5442,4291,Directed,2201,,,1,0.8
5353,4172,Directed,2202,,,1,1
1,1615,Directed,2203,,,1,0.9
1615,1,Directed,2204,,,1,0.9
4205,5458,Directed,2205,,,1,1
5458,4205,Directed,2206,,,1,1
5458,3982,Directed,2207,,,1,1
1437,35,Directed,2208,,,1,1
3897,4291,Directed,2209,,,1,1
4291,3897,Directed,2210,,,1,1
4320,5259,Directed,2211,,,1,0.9
5259,4320,Directed,2212,,,1,0.9
3982,5458,Directed,2213,,,1,1
5413,5464,Directed,2214,,,1,0.9
5403,4611,Directed,2215,,,1,0.8
5489,5476,Directed,2216,,,1,1
5404,1953,Directed,2217,,,1,1
1810,3897,Directed,2218,,,1,0.8
2870,5522,Directed,2219,,,1,1
5522,2870,Directed,2220,,,1,1
5480,3828,Directed,2221,,,1,1
4899,5472,Directed,2222,,,1,1
5472,4899,Directed,2223,,,1,1
5549,5521,Directed,2224,,,1,1
4899,5473,Directed,2225,,,1,1
4519,5551,Directed,2226,,,1,1
3897,3630,Directed,2227,,,1,0.9
5560,3897,Directed,2228,,,1,1
5492,5568,Directed,2229,,,1,1
5568,5492,Directed,2230,,,1,1
1731,1334,Directed,2231,,,1,0.8
5524,1,Directed,2232,,,1,1
5524,1953,Directed,2233,,,1,1
1018,57,Directed,2234,,,1,0.8
57,1018,Directed,2235,,,1,0.8
4499,4649,Directed,2236,,,1,0.8
5615,4925,Directed,2237,,,1,0.8
5590,5618,Directed,2238,,,1,1
5618,5590,Directed,2239,,,1,1
5590,5619,Directed,2240,,,1,1
5618,5619,Directed,2241,,,1,1
5619,5590,Directed,2242,,,1,1
5619,5618,Directed,2243,,,1,1
5614,256,Directed,2244,,,1,0.8
4515,5622,Directed,2245,,,1,1
3470,5623,Directed,2246,,,1,0.8
5609,4649,Directed,2247,,,1,0.9
5598,4291,Directed,2248,,,1,1
4649,4499,Directed,2249,,,1,0.8
3470,5602,Directed,2250,,,1,0.8
5636,1,Directed,2251,,,1,1
5655,4197,Directed,2252,,,1,1
3470,5661,Directed,2253,,,1,0.8
2165,1752,Directed,2254,,,1,1
5433,35,Directed,2255,,,1,0.8
5717,35,Directed,2256,,,1,1
5655,5720,Directed,2257,,,1,1
4921,1,Directed,2258,,,1,1
5719,5729,Directed,2259,,,1,1
5730,5729,Directed,2260,,,1,1
5731,5729,Directed,2261,,,1,1
5732,5729,Directed,2262,,,1,1
5309,4649,Directed,2263,,,1,1
2942,1018,Directed,2264,,,1,1
5227,5712,Directed,2265,,,1,1
5759,5761,Directed,2266,,,1,1
5761,5759,Directed,2267,,,1,1
3470,5762,Directed,2268,,,1,0.8
5762,3470,Directed,2269,,,1,0.8
5762,5623,Directed,2270,,,1,0.8
5763,5788,Directed,2271,,,1,0.8
5788,5763,Directed,2272,,,1,0.8
1967,5790,Directed,2273,,,1,0.9
5791,5612,Directed,2274,,,1,1
5649,5798,Directed,2275,,,1,0.8
5798,5649,Directed,2276,,,1,0.8
3707,5506,Directed,2277,,,1,1
5806,5606,Directed,2278,,,1,0.8
5806,5602,Directed,2279,,,1,0.8
3470,5806,Directed,2280,,,1,0.8
4921,5824,Directed,2281,,,1,1
3829,5826,Directed,2282,,,1,1
5655,1953,Directed,2283,,,1,0.9
1953,4172,Directed,2284,,,1,0.8
5648,3986,Directed,2285,,,1,0.8
3649,3429,Directed,2286,,,1,0.8
3903,1352,Directed,2287,,,1,1
5862,5859,Directed,2288,,,1,1
215,5422,Directed,2289,,,1,0.8
4553,4291,Directed,2290,,,1,0.8
5507,5896,Directed,2291,,,1,1
5896,5507,Directed,2292,,,1,1
5899,5439,Directed,2293,,,1,1
5890,35,Directed,2294,,,1,0.8
5411,4649,Directed,2295,,,1,1
2,5929,Directed,2296,,,1,0.8
4649,5411,Directed,2297,,,1,1
1819,1810,Directed,2298,,,1,0.9
3345,4649,Directed,2299,,,1,0.8
5955,5958,Directed,2300,,,1,1
5958,5955,Directed,2301,,,1,1
4163,2067,Directed,2302,,,1,1
3903,1810,Directed,2303,,,1,1
5963,2045,Directed,2304,,,1,1
2073,5971,Directed,2305,,,1,1
5971,5960,Directed,2306,,,1,1
1565,57,Directed,2307,,,1,0.8
3804,2388,Directed,2308,,,1,1
4004,5845,Directed,2309,,,1,1
5956,5227,Directed,2310,,,1,0.8
5999,3878,Directed,2311,,,1,0.8
2045,33,Directed,2312,,,1,0.9
33,2045,Directed,2313,,,1,0.9
3714,481,Directed,2314,,,1,1
